pep,extended_pep,abline_values
VRRGSGNHTIIYF,RSCVRRGSGNHTIIYFVDD,-0.30511015164
LTLPPVNLTAIFR,MRALTLPPVNLTAIFRGRP,0.00743594975982
APVGYPNTTIMEQ,GRPAPVGYPNTTIMEQFVA,0.591180903574
NKALGTNDSYVDP,EDVNKALGTNDSYVDPDSV,1.93835910396
PNTWETNYTVFVQ,RVDPNTWETNYTVFVQQTR,1.85491558453
QQTRFDNTTEEKL,VFVQQTRFDNTTEEKLRSL,2.46176199217
EAGRALNFSLIYA,LAREAGRALNFSLIYADKP,-1.37467736157
GSDVAENVTAVKL,ITFGSDVAENVTAVKLLMP,1.85491558453
KQLSAANLTDFAH,TTPKQLSAANLTDFAHNLV,1.76873186161
FPDPPFNFSAVVP,DITFPDPPFNFSAVVPERE,1.08844769263
TARGKANVTLNTS,AAATARGKANVTLNTSGVK,-0.810546464695
KANVTLNTSGVKA,ARGKANVTLNTSGVKANDT,-1.72965975373
CRSAITNRTETQN,YAECRSAITNRTETQNMEP,0.816908819886
ETNGYPNTTRLTE,VEGETNGYPNTTRLTEPYA,0.0422283810872
LDEMLNNRTDEVV,WRDLDEMLNNRTDEVVEKS,3.15536192055
GGGSKGNVSGGFV,DMNGGGSKGNVSGGFVDVF,-2.24426363017
PDTWETNFTVFVQ,RVDPDTWETNFTVFVQQTR,1.77873761969
NEEVYANASRILD,LFVNEEVYANASRILDDME,1.92499251909
VKEAQCNVSTEIV,DEEVKEAQCNVSTEIVYSC,0.893086784726
LRQLIGNITVPEQ,HRVLRQLIGNITVPEQSVQ,0.641222769253
GEISCTNVTLDEK,PPEGEISCTNVTLDEKEKW,1.24806917689
KPKKVVNCSTAGE,TTSKPKKVVNCSTAGEPPC,-0.732091530293
QWGTHYNDTKSHV,PLDQWGTHYNDTKSHVVRI,0.0343763616128
GLQEEKNHSEIIS,IHKGLQEEKNHSEIISEGE,3.12168491083
SLEDGVNNTDLQD,RSSSLEDGVNNTDLQDLEE,2.24563740033
MVEAGANWTTSKP,STLMVEAGANWTTSKPKKV,3.71119423109
GLQEQRNHSEIIS,IHKGLQEQRNHSEIISEGE,2.42450129222
AAEDTANITRDAE,AELAAEDTANITRDAELVN,1.55300970338
QHEIITNASSKAV,VKKQHEIITNASSKAVEHA,0.0343763616128
KIKFIQNTSSALN,TAQKIKFIQNTSSALNRTR,-1.45812088099
NTSSALNRTRQKV,FIQNTSSALNRTRQKVGKL,-2.24426363017
RGLVALNGSAGVG,PVVRGLVALNGSAGVGQVV,-1.889281238
FFLHELNSTSSAT,GDRFFLHELNSTSSATKHN,1.85491558453
NVYKIQNGTVSEA,KWRNVYKIQNGTVSEAVVR,2.42450129222
DWSKNFNYTISGL,FNIDWSKNFNYTISGLLED,2.25723352089
VRSVSSNTSSMHF,AGLVRSVSSNTSSMHFSFV,-0.732091530293
WAMVKPNETASIE,PVGWAMVKPNETASIELKE,1.47213738787
MVVLWVNISKHPV,RSHMVVLWVNISKHPVWRD,-3.06571335332
LTKENFNETIAKS,SLKLTKENFNETIAKSEIF,1.85491558453
VSEKPANVTEEKK,TFKVSEKPANVTEEKKSEE,0.394463691292
NKSSRSNESNDSN,EEENKSSRSNESNDSNESN,0.660465176869
SRSNESNDSNESN,NKSSRSNESNDSNESNVDK,1.65038711325
NESNDSNESNVDK,SRSNESNDSNESNVDKQDL,1.21838856154
APATPTNSTKNED,PAAAPATPTNSTKNEDSAS,0.893086784726
DVVTPENISTEIV,GIKDVVTPENISTEIVAFN,2.62744228472
EEEIEENETTGKS,QLLEEEIEENETTGKSEAT,0.676962192888
VSYHVVNASLSIG,IVRVSYHVVNASLSIGQVL,-0.572470046027
EAPEECNMSVTKD,ELAEAPEECNMSVTKDMSD,0.893086784726
VLKLISNYTSIRD,SDMVLKLISNYTSIRDGYE,2.34485601867
GAETLCNLSHALR,TLKGAETLCNLSHALRVVS,-0.320606030554
PVELTDNNSAKCW,TDQPVELTDNNSAKCWIMG,1.24806917689
DGPLCYNTTGVDN,KTCDGPLCYNTTGVDNFMN,1.08844769263
DWFKNFNYTISGL,FDIDWFKNFNYTISGLLED,2.25723352089
NAVVKRNTSLVHV,YLMNAVVKRNTSLVHVLFQ,-1.72965975373
DMRRWLNTSLSDF,AERDMRRWLNTSLSDFIAD,-2.02423927998
EAKQEVNATTSQA,GVQEAKQEVNATTSQAPTV,1.08844769263
NIAQGNNNTITER,TDENIAQGNNNTITERSDH,-0.320606030554
KRYNVLNASAVVK,CKFKRYNVLNASAVVKCES,-1.53429884583
EWEKAANETIDNA,LAPEWEKAANETIDNALMG,1.60305156906
QPELAANFSIRGY,CHSQPELAANFSIRGYPTI,0.776180811227
VTSDNSNKTTIVT,LQTVTSDNSNKTTIVTLAS,-1.28243483036
AASDAANTSATRA,VQLAASDAANTSATRALNH,0.726704693098
TCTLERNLTVAEM,ASTTCTLERNLTVAEMLPQ,2.59672003415
EEGVKGNLSGADV,SGSEEGVKGNLSGADVGAN,2.56488036887
GADVGANQTEEEK,NLSGADVGANQTEEEKDGK,2.49750141581
MNLILRNKTEDAL,PERMNLILRNKTEDALTSL,-1.53429884583
AFMDDPNITEGRM,LPIAFMDDPNITEGRMELS,0.893086784726
SLAILPNASSSRV,MELSLAILPNASSSRVVPP,0.641222769253
WTRKPSNVSKEEY,QPIWTRKPSNVSKEEYEKF,-0.437512004053
DSELKSNATFSKG,LGDDSELKSNATFSKGKSI,0.641222769253
RMKEQGNVSEEVN,NDARMKEQGNVSEEVNAEV,1.49993319237
EVNAEVNTTNSTS,VSEEVNAEVNTTNSTSGSK,1.38302721887
AEVNTTNSTSGSK,EVNAEVNTTNSTSGSKKKG,0.641222769253
YVSSKSNGTLVSF,LLRYVSSKSNGTLVSFQEY,-1.60437578039
EKIGVVNGSDMEN,QGLEKIGVVNGSDMENIKK,0.286240377086
AVFIEHNISKENR,LNAAVFIEHNISKENRSFL,-0.18564798858
HNISKENRSFLLE,FIEHNISKENRSFLLEQLN,-0.767830953928
FLLEQLNCSKENQ,NRSFLLEQLNCSKENQGDT,-1.66925688781
GGEARGNHTNEEA,TTEGGEARGNHTNEEAEIK,1.60305156906
PAIVVLNTTAGEV,SKLPAIVVLNTTAGEVKPV,-0.732091530293
IMHMKVNITFPRV,IGGIMHMKVNITFPRVPCD,1.24806917689
HDVGALNDTAVLS,RLVHDVGALNDTAVLSEAA,1.85491558453
TTNVIHNATLLRN,VMETTNVIHNATLLRNHVG,-0.8318490802
APSWVSNFSRESS,AVDAPSWVSNFSRESSGAY,-1.23971931959
DMTSVLNTTGYWA,TSKDMTSVLNTTGYWASYN,0.641222769253
YFPNVYNLSGTLK,NRPYFPNVYNLSGTLKMQE,0.481601284987
VVTVWYNATSGGF,TPAVVTVWYNATSGGFYAT,-0.203700057055
DLNPPGNATEYGP,ARGDLNPPGNATEYGPLVR,2.78201767835
GLLKLYNFSFVVM,PTYGLLKLYNFSFVVMETP,-2.69148855354
KYAAIVNVSNTFN,ASGKYAAIVNVSNTFNKTG,-1.97272475743
NVSNTFNKTGWDV,AIVNVSNTFNKTGWDVVTA,-1.17931645367
SKEEAANWTLDNA,VLRSKEEAANWTLDNAKKY,1.49993319237
REIILPNNTEEEE,DISREIILPNNTEEEEELI,1.49993319237
FCEEAENETRDDL,LKEFCEEAENETRDDLRDA,3.08666046829
DTDVYNNESDGGK,QHCDTDVYNNESDGGKYTI,2.05027649243
ENYEELNVSLSTL,GWKENYEELNVSLSTLEEN,3.64765900296
NGHHIENATREGA,LEENGHHIENATREGAKRL,1.39259555785
VKKAEDNVTHLKD,DNLVKKAEDNVTHLKDYRK,2.50447750294
ERLAQINATYRLR,GVSERLAQINATYRLREGA,0.893086784726
GQGESGNRTGDLS,SVYGQGESGNRTGDLSNSV,-0.550304449376
AKFLILNLSMKQG,LAVAKFLILNLSMKQGLYT,-2.94335256902
LFPSLVNKTVGSS,LTGLFPSLVNKTVGSSYTI,-0.125245122653
PERDVSNSTVVIA,KEYPERDVSNSTVVIAMRD,1.60305156906
CFPWLENSSATRC,KQACFPWLENSSATRCQRG,-0.767830953928
PTDVLGNKTGSLV,FIRPTDVLGNKTGSLVIEQ,-1.72965975373
ELEEMRNASALAA,FQQELEEMRNASALAAAAA,0.776180811227
YERNALNATAANK,ANYYERNALNATAANKVCE,-2.74799166111
FRERQLNSTDVIG,DLVFRERQLNSTDVIGSSK,-0.125245122653
LHLTTKNDTAPAF,LKVLHLTTKNDTAPAFAFS,-0.160984546288
RIDAEGNVTRYGP,CIRRIDAEGNVTRYGPQDL,0.676962192888
MMYVVKNTSWIAA,EKNMMYVVKNTSWIAAVNL,-1.58737535685
SWIAAVNLSKTGE,KNTSWIAAVNLSKTGESDI,-0.745665357276
LFSSPWNWTRKFL,QKRLFSSPWNWTRKFLDEL,-0.515966938455
KRAFLANSSLYNS,AKTKRAFLANSSLYNSGFN,-2.02423927998
YRRKDSNVTEGTV,HLPYRRKDSNVTEGTVLRT,-1.28243483036
AILAANNYTVNQT,SLRAILAANNYTVNQTDLL,2.15985611102
ANNYTVNQTDLLD,ILAANNYTVNQTDLLDRGL,1.60305156906
LNDKAGNHSAGED,CTKLNDKAGNHSAGEDDGN,1.92499251909
MISGNINSSYPLK,SNLMISGNINSSYPLKVSW,0.641222769253
GKNDYANLTGKEK,LGSGKNDYANLTGKEKLRP,-1.28243483036
LVASATNHTLGGR,TVTLVASATNHTLGGRSFD,0.963163719282
GGDFIANISRAQF,REDGGDFIANISRAQFEEA,1.38302721887
HAITQTNGTVRSL,LRDHAITQTNGTVRSLNEL,-0.810546464695
ALRFPLNNTPAPS,RHFALRFPLNNTPAPSSTS,-1.28243483036
ILKKHQNATGMVD,SAEILKKHQNATGMVDKFR,0.286240377086
RKEFETNCSELLK,EVSRKEFETNCSELLKRFP,0.641222769253
ARIGNVNITGVKG,DSDARIGNVNITGVKGALE,-1.889281238
FFQPKLNHTNNSH,RLGFFQPKLNHTNNSHIIR,-1.53429884583
TEGILENTTALEP,WAKTEGILENTTALEPYTP,1.92499251909
NSGKNKNTTNTTS,LVKNSGKNKNTTNTTSGSD,-2.14114525347
KNKNTTNTTSGSD,NSGKNKNTTNTTSGSDDAV,1.69529410027
